SET @OLD_UNIQUE_CHECKS=@@UNIQUE_CHECKS, UNIQUE_CHECKS=0;
SET @OLD_FOREIGN_KEY_CHECKS=@@FOREIGN_KEY_CHECKS, FOREIGN_KEY_CHECKS=0;

USE inkSprout;

-- Inserting Genres
insert into Genres (genreID, genreName) values (1, 'Action');
insert into Genres (genreID, genreName) values (2, 'Comedy');
insert into Genres (genreID, genreName) values (3, 'Drama');
insert into Genres (genreID, genreName) values (4, 'Horror');
insert into Genres (genreID, genreName) values (5, 'Romance');
insert into Genres (genreID, genreName) values (6, 'Sci-Fi');
insert into Genres (genreID, genreName) values (7, 'Thriller');
insert into Genres (genreID, genreName) values (8, 'Fantasy');
insert into Genres (genreID, genreName) values (9, 'Mystery');
insert into Genres (genreID, genreName) values (10, 'Adventure');

-- Inserting into Employees
insert into Employees (empID, first_name, last_name, phone, email, address, title, salary, active) values (1, 'Arv', 'Keeffe', '396-941-6031', 'akeeffe0@youtube.com', '288 Columbus Alley', 'Account Representative IV', 9241, 1);
insert into Employees (empID, first_name, last_name, phone, email, address, title, salary, active) values (2, 'Jamie', 'Sang', '941-475-5233', 'jsang1@narod.ru', '627 Novick Trail', 'Research Associate', 11466, 1);
insert into Employees (empID, first_name, last_name, phone, email, address, title, salary, active) values (3, 'Jacinta', 'Wadley', '759-199-9748', 'jwadley2@wsj.com', '88024 Oak Valley Plaza', 'Administrative Assistant I', 5803, 1);
insert into Employees (empID, first_name, last_name, phone, email, address, title, salary, active) values (4, 'Herta', 'Kibblewhite', '738-102-8694', 'hkibblewhite3@nhs.uk', '2231 Crescent Oaks Pass', 'Help Desk Technician', 9835, 1);
insert into Employees (empID, first_name, last_name, phone, email, address, title, salary, active) values (5, 'Emelia', 'Scottrell', '688-451-1083', 'escottrell4@google.com', '92 Summit Center', 'Software Engineer III', 5072, 1);
insert into Employees (empID, first_name, last_name, phone, email, address, title, salary, active) values (6, 'Pryce', 'Brigginshaw', '123-551-5554', 'pbrigginshaw5@tamu.edu', '991 Kropf Circle', 'Pharmacist', 11367, 1);
insert into Employees (empID, first_name, last_name, phone, email, address, title, salary, active) values (7, 'Marlene', 'Botton', '393-967-1739', 'mbotton6@dagondesign.com', '7 Schmedeman Point', 'Executive Secretary', 14991, 1);
insert into Employees (empID, first_name, last_name, phone, email, address, title, salary, active) values (8, 'Taylor', 'Sutch', '419-345-4503', 'tsutch7@cargocollective.com', '5 Old Gate Plaza', 'Executive Secretary', 6613, 1);
insert into Employees (empID, first_name, last_name, phone, email, address, title, salary, active) values (9, 'Roselin', 'Amerighi', '593-631-9897', 'ramerighi8@dot.gov', '48 Algoma Trail', 'Senior Developer', 7553, 1);
insert into Employees (empID, first_name, last_name, phone, email, address, title, salary, active) values (10, 'Minetta', 'Laurenceau', '430-798-5781', 'mlaurenceau9@wp.com', '59721 Montana Crossing', 'Office Assistant I', 12551, 1);
insert into Employees (empID, first_name, last_name, phone, email, address, title, salary, active) values (11, 'Shell', 'Lossman', '702-590-2063', 'slossmana@businessinsider.com', '64514 Macpherson Plaza', 'Associate Professor', 14929, 1);
insert into Employees (empID, first_name, last_name, phone, email, address, title, salary, active) values (12, 'Melisent', 'Dixcee', '793-427-0698', 'mdixceeb@unc.edu', '3 Pierstorff Plaza', 'Computer Systems Analyst IV', 9854, 1);
insert into Employees (empID, first_name, last_name, phone, email, address, title, salary, active) values (13, 'Terencio', 'Bonnyson', '918-269-3571', 'tbonnysonc@omniture.com', '3 Merry Hill', 'Geological Engineer', 10591, 1);
insert into Employees (empID, first_name, last_name, phone, email, address, title, salary, active) values (14, 'Peter', 'Coomber', '358-276-3150', 'pcoomberd@cocolog-nifty.com', '7501 School Place', 'Geological Engineer', 10917, 1);
insert into Employees (empID, first_name, last_name, phone, email, address, title, salary, active) values (15, 'Jaquelin', 'Hanwell', '967-938-8944', 'jhanwelle@e-recht24.de', '378 Bluejay Lane', 'Accountant I', 8408, 1);
insert into Employees (empID, first_name, last_name, phone, email, address, title, salary, active) values (16, 'Alvin', 'Lazarus', '899-873-8297', 'alazarusf@msu.edu', '180 Larry Plaza', 'VP Accounting', 13998, 1);
insert into Employees (empID, first_name, last_name, phone, email, address, title, salary, active) values (17, 'Star', 'Dionsetti', '822-166-7537', 'sdionsettig@ucla.edu', '88 Veith Place', 'Web Designer II', 8809, 1);
insert into Employees (empID, first_name, last_name, phone, email, address, title, salary, active) values (18, 'Audrey', 'Riddles', '637-943-7129', 'ariddlesh@techcrunch.com', '6 Schmedeman Parkway', 'GIS Technical Architect', 11128, 1);
insert into Employees (empID, first_name, last_name, phone, email, address, title, salary, active) values (19, 'Harlen', 'Croll', '961-236-0480', 'hcrolli@wp.com', '37 Longview Center', 'Community Outreach Specialist', 11414, 1);
insert into Employees (empID, first_name, last_name, phone, email, address, title, salary, active) values (20, 'Kearney', 'Drees', '704-141-6416', 'kdreesj@sbwire.com', '12933 Anthes Avenue', 'Paralegal', 13332, 1);
insert into Employees (empID, first_name, last_name, phone, email, address, title, salary, active) values (21, 'Mellicent', 'Quodling', '452-882-5578', 'mquodlingk@youtube.com', '5 Kim Point', 'Speech Pathologist', 10488, 1);
insert into Employees (empID, first_name, last_name, phone, email, address, title, salary, active) values (22, 'Cornell', 'Tugwell', '884-993-1534', 'ctugwelll@etsy.com', '4712 Lotheville Hill', 'Executive Secretary', 14804, 1);
insert into Employees (empID, first_name, last_name, phone, email, address, title, salary, active) values (23, 'Marika', 'Hanne', '152-259-4938', 'mhannem@woothemes.com', '65 Coolidge Parkway', 'Senior Developer', 9146, 1);
insert into Employees (empID, first_name, last_name, phone, email, address, title, salary, active) values (24, 'Valaree', 'Hubbold', '616-422-9239', 'vhubboldn@goodreads.com', '654 Fallview Parkway', 'Assistant Professor', 9110, 1);
insert into Employees (empID, first_name, last_name, phone, email, address, title, salary, active) values (25, 'Lauritz', 'Gashion', '453-601-9886', 'lgashiono@businessinsider.com', '160 Tennyson Pass', 'Senior Sales Associate', 8522, 1);
insert into Employees (empID, first_name, last_name, phone, email, address, title, salary, active) values (26, 'Elsi', 'Quare', '548-996-0332', 'equarep@mysql.com', '409 Canary Center', 'Safety Technician III', 12897, 1);
insert into Employees (empID, first_name, last_name, phone, email, address, title, salary, active) values (27, 'Pru', 'Yuille', '298-442-1759', 'pyuilleq@godaddy.com', '0725 Forest Street', 'Health Coach II', 5915, 1);
insert into Employees (empID, first_name, last_name, phone, email, address, title, salary, active) values (28, 'Dulciana', 'MacVicar', '894-251-2426', 'dmacvicarr@ask.com', '80 Katie Avenue', 'VP Marketing', 6048, 1);
insert into Employees (empID, first_name, last_name, phone, email, address, title, salary, active) values (29, 'Ari', 'Caistor', '769-192-2740', 'acaistors@e-recht24.de', '22437 Granby Center', 'Assistant Professor', 12036, 1);
insert into Employees (empID, first_name, last_name, phone, email, address, title, salary, active) values (30, 'Patrizio', 'Coke', '645-338-4841', 'pcoket@amazon.co.jp', '15 Waywood Way', 'Research Associate', 10198, 1);
insert into Employees (empID, first_name, last_name, phone, email, address, title, salary, active) values (31, 'Wally', 'Leate', '327-211-6819', 'wleateu@home.pl', '091 Steensland Road', 'VP Sales', 6566, 1);
insert into Employees (empID, first_name, last_name, phone, email, address, title, salary, active) values (32, 'Karlotta', 'Orae', '344-752-2505', 'koraev@privacy.gov.au', '04 Vermont Junction', 'Community Outreach Specialist', 5329, 1);
insert into Employees (empID, first_name, last_name, phone, email, address, title, salary, active) values (33, 'Wilfrid', 'Lawie', '371-910-9831', 'wlawiew@youku.com', '3 Jackson Court', 'Help Desk Technician', 11113, 1);
insert into Employees (empID, first_name, last_name, phone, email, address, title, salary, active) values (34, 'Geri', 'Giovannazzi', '325-407-3429', 'ggiovannazzix@pen.io', '063 Ryan Road', 'Software Engineer IV', 6415, 1);
insert into Employees (empID, first_name, last_name, phone, email, address, title, salary, active) values (35, 'Kandy', 'Berney', '769-151-5742', 'kberneyy@omniture.com', '6495 Spenser Lane', 'Senior Quality Engineer', 14668, 1);
insert into Employees (empID, first_name, last_name, phone, email, address, title, salary, active) values (36, 'Igor', 'Allright', '191-540-3616', 'iallrightz@dailymotion.com', '81 Grover Crossing', 'Nuclear Power Engineer', 11888, 0);
insert into Employees (empID, first_name, last_name, phone, email, address, title, salary, active) values (37, 'Brinn', 'Stothert', '129-745-2563', 'bstothert10@netvibes.com', '43401 Schiller Point', 'Accounting Assistant IV', 10589, 1);
insert into Employees (empID, first_name, last_name, phone, email, address, title, salary, active) values (38, 'Carmencita', 'Wickman', '705-786-7263', 'cwickman11@state.gov', '999 Continental Way', 'General Manager', 5271, 1);
insert into Employees (empID, first_name, last_name, phone, email, address, title, salary, active) values (39, 'Klarrisa', 'Tudor', '472-473-3167', 'ktudor12@cargocollective.com', '2 Marcy Parkway', 'Physical Therapy Assistant', 9800, 1);
insert into Employees (empID, first_name, last_name, phone, email, address, title, salary, active) values (40, 'Maggy', 'Melato', '801-110-9452', 'mmelato13@soup.io', '248 Kingsford Drive', 'Quality Control Specialist', 9039, 1);

-- Inserting to Moderators
insert into Moderators (empID, modName, experience) values (1, 'wpeyto0', 'Experienced in collaborating with other moderators and teams');
insert into Moderators (empID, modName, experience) values (2, 'mbalmann1', 'Proficient in monitoring and enforcing chat rules');
insert into Moderators (empID, modName, experience) values (3, 'hbatchelour2', 'Strong communication skills');
insert into Moderators (empID, modName, experience) values (4, 'tfranceschielli3', 'Experienced in handling trolls and disruptive users');
insert into Moderators (empID, modName, experience) values (5, 'abang4', 'Knowledgeable in legal and ethical considerations for moderation');
insert into Moderators (empID, modName, experience) values (6, 'kbrigham5', 'Experienced in creating and implementing moderation policies');
insert into Moderators (empID, modName, experience) values (7, 'lyurov6', 'Knowledgeable in internet safety and security protocols');
insert into Moderators (empID, modName, experience) values (8, 'rbolens7', 'Strong communication skills');
insert into Moderators (empID, modName, experience) values (9, 'acorse8', 'Experienced in crisis management and emergency response');
insert into Moderators (empID, modName, experience) values (10, 'hprestie9', 'Familiar with various moderation tools and software');
insert into Moderators (empID, modName, experience) values (11, 'ckeightleya', 'Proficient in monitoring and enforcing chat rules');
insert into Moderators (empID, modName, experience) values (12, 'fpitcaithleyb', 'Certified in moderation best practices');
insert into Moderators (empID, modName, experience) values (13, 'fchatburnc', 'Skilled in providing constructive feedback to users');
insert into Moderators (empID, modName, experience) values (14, 'jironmongerd', 'Experienced in handling sensitive information with discretion');
insert into Moderators (empID, modName, experience) values (15, 'claverocke', 'Ability to work well under pressure');
insert into Moderators (empID, modName, experience) values (16, 'renzleyf', '5 years of experience moderating online forums');
insert into Moderators (empID, modName, experience) values (17, 'wsoigneg', 'Experienced in handling large online communities');
insert into Moderators (empID, modName, experience) values (18, 'rvanyardh', 'Experienced in handling trolls and disruptive users');
insert into Moderators (empID, modName, experience) values (19, 'rcostii', 'Knowledgeable in internet safety and security protocols');
insert into Moderators (empID, modName, experience) values (20, 'awoehlerj', 'Proficient in conflict resolution and de-escalation techniques');

-- Insert into Writing_Assistants
insert into Writing_Assistantss (empID, asstName, experience) values (21, 'lstrettle0', 'Experienced editor');
insert into Writing_Assistantss (empID, asstName, experience) values (22, 'ggrimmolby1', 'Novice writer');
insert into Writing_Assistantss (empID, asstName, experience) values (23, 'mgerritsma2', 'Experienced editor');
insert into Writing_Assistantss (empID, asstName, experience) values (24, 'mlambillion3', 'Grammar enthusiast');
insert into Writing_Assistantss (empID, asstName, experience) values (25, 'strotter4', 'Editing expert');
insert into Writing_Assistantss (empID, asstName, experience) values (26, 'hfaustian5', 'Experienced editor');
insert into Writing_Assistantss (empID, asstName, experience) values (27, 'gbrecknell6', 'Experienced editor');
insert into Writing_Assistantss (empID, asstName, experience) values (28, 'sbettlestone7', 'Novice writer');
insert into Writing_Assistantss (empID, asstName, experience) values (29, 'fcuff8', 'Professional writer');
insert into Writing_Assistantss (empID, asstName, experience) values (30, 'hshrimplin9', 'Novice writer');
insert into Writing_Assistantss (empID, asstName, experience) values (31, 'oskocrofta', 'Professional writer');
insert into Writing_Assistantss (empID, asstName, experience) values (32, 'lstorkb', 'Experienced editor');
insert into Writing_Assistantss (empID, asstName, experience) values (33, 'csnellmanc', 'Novice writer');
insert into Writing_Assistantss (empID, asstName, experience) values (34, 'igobeaud', 'Grammar enthusiast');
insert into Writing_Assistantss (empID, asstName, experience) values (35, 'fhorseye', 'Grammar enthusiast');
insert into Writing_Assistantss (empID, asstName, experience) values (36, 'lrobusf', 'Professional writer');
insert into Writing_Assistantss (empID, asstName, experience) values (37, 'jridsdaleg', 'Novice writer');
insert into Writing_Assistantss (empID, asstName, experience) values (38, 'bgideonh', 'Grammar enthusiast');
insert into Writing_Assistantss (empID, asstName, experience) values (39, 'wtomeoi', 'Novice writer');
insert into Writing_Assistantss (empID, asstName, experience) values (40, 'lmeldingj', 'Professional writer');

-- Insert into Readers
insert into Readers (userID, age, firstName, lastName, email, active) values (1, 30, 'Abbot', 'Kieran', 'akieran0@fda.gov', 1);
insert into Readers (userID, age, firstName, lastName, email, active) values (2, 78, 'Easter', 'Inkle', 'einkle1@prnewswire.com', 1);
insert into Readers (userID, age, firstName, lastName, email, active) values (3, 55, 'Jessa', 'Finicj', 'jfinicj2@indiegogo.com', 1);
insert into Readers (userID, age, firstName, lastName, email, active) values (4, 60, 'Pieter', 'Lemonby', 'plemonby3@cam.ac.uk', 1);
insert into Readers (userID, age, firstName, lastName, email, active) values (5, 45, 'Cathi', 'Howlett', 'chowlett4@washingtonpost.com', 1);
insert into Readers (userID, age, firstName, lastName, email, active) values (6, 59, 'Lilith', 'Gladbeck', 'lgladbeck5@mapy.cz', 1);
insert into Readers (userID, age, firstName, lastName, email, active) values (7, 56, 'Thornie', 'Hatton', 'thatton6@dell.com', 1);
insert into Readers (userID, age, firstName, lastName, email, active) values (8, 27, 'Sadella', 'Hall-Gough', 'shallgough7@tinypic.com', 1);
insert into Readers (userID, age, firstName, lastName, email, active) values (9, 78, 'Shirlee', 'Ruprich', 'sruprich8@pcworld.com', 1);
insert into Readers (userID, age, firstName, lastName, email, active) values (10, 60, 'Salmon', 'Skitral', 'sskitral9@domainmarket.com', 1);
insert into Readers (userID, age, firstName, lastName, email, active) values (11, 38, 'Maurizia', 'Arrandale', 'marrandalea@blogger.com', 1);
insert into Readers (userID, age, firstName, lastName, email, active) values (12, 57, 'Symon', 'Wilmott', 'swilmottb@feedburner.com', 1);
insert into Readers (userID, age, firstName, lastName, email, active) values (13, 63, 'Julietta', 'Bloy', 'jbloyc@wisc.edu', 1);
insert into Readers (userID, age, firstName, lastName, email, active) values (14, 43, 'Mindy', 'Dever', 'mdeverd@nyu.edu', 1);
insert into Readers (userID, age, firstName, lastName, email, active) values (15, 72, 'Betti', 'Landrick', 'blandricke@exblog.jp', 1);
insert into Readers (userID, age, firstName, lastName, email, active) values (16, 51, 'Carlota', 'Creevy', 'ccreevyf@cam.ac.uk', 1);
insert into Readers (userID, age, firstName, lastName, email, active) values (17, 34, 'Jolee', 'Garrish', 'jgarrishg@ehow.com', 1);
insert into Readers (userID, age, firstName, lastName, email, active) values (18, 74, 'Tildie', 'Form', 'tformh@blog.com', 1);
insert into Readers (userID, age, firstName, lastName, email, active) values (19, 70, 'Charil', 'Nenci', 'cnencii@slashdot.org', 1);
insert into Readers (userID, age, firstName, lastName, email, active) values (20, 23, 'Rosemary', 'Blackham', 'rblackhamj@guardian.co.uk', 1);
insert into Readers (userID, age, firstName, lastName, email, active) values (21, 45, 'Tess', 'Faucett', 'tfaucettk@google.fr', 1);
insert into Readers (userID, age, firstName, lastName, email, active) values (22, 38, 'Randy', 'Clapton', 'rclaptonl@tuttocitta.it', 1);
insert into Readers (userID, age, firstName, lastName, email, active) values (23, 50, 'Ilsa', 'Charle', 'icharlem@un.org', 1);
insert into Readers (userID, age, firstName, lastName, email, active) values (24, 26, 'Robenia', 'Huyge', 'rhuygen@ftc.gov', 0);
insert into Readers (userID, age, firstName, lastName, email, active) values (25, 73, 'Talbert', 'Tift', 'ttifto@ovh.net', 1);
insert into Readers (userID, age, firstName, lastName, email, active) values (26, 22, 'Moria', 'Pitts', 'mpittsp@msn.com', 1);
insert into Readers (userID, age, firstName, lastName, email, active) values (27, 63, 'Shoshana', 'Wyvill', 'swyvillq@mapquest.com', 1);
insert into Readers (userID, age, firstName, lastName, email, active) values (28, 30, 'Raynell', 'Machon', 'rmachonr@forbes.com', 1);
insert into Readers (userID, age, firstName, lastName, email, active) values (29, 69, 'Annabela', 'Rohlf', 'arohlfs@comcast.net', 0);
insert into Readers (userID, age, firstName, lastName, email, active) values (30, 51, 'Lorraine', 'Le Ball', 'lleballt@behance.net', 1);
insert into Readers (userID, age, firstName, lastName, email, active) values (31, 78, 'Ula', 'Tidmarsh', 'utidmarshu@newsvine.com', 1);
insert into Readers (userID, age, firstName, lastName, email, active) values (32, 60, 'Vito', 'Voce', 'vvocev@fda.gov', 1);
insert into Readers (userID, age, firstName, lastName, email, active) values (33, 61, 'Norrie', 'Barensky', 'nbarenskyw@surveymonkey.com', 1);
insert into Readers (userID, age, firstName, lastName, email, active) values (34, 39, 'Dom', 'Francois', 'dfrancoisx@ucla.edu', 1);
insert into Readers (userID, age, firstName, lastName, email, active) values (35, 38, 'Joni', 'Hrishanok', 'jhrishanoky@youku.com', 1);
insert into Readers (userID, age, firstName, lastName, email, active) values (36, 66, 'Kirby', 'Goldie', 'kgoldiez@feedburner.com', 1);
insert into Readers (userID, age, firstName, lastName, email, active) values (37, 22, 'Barnaby', 'Brandassi', 'bbrandassi10@bigcartel.com', 1);
insert into Readers (userID, age, firstName, lastName, email, active) values (38, 54, 'Feodora', 'Maffioletti', 'fmaffioletti11@bloomberg.com', 1);
insert into Readers (userID, age, firstName, lastName, email, active) values (39, 73, 'Maryanne', 'Toffts', 'mtoffts12@tripod.com', 1);
insert into Readers (userID, age, firstName, lastName, email, active) values (40, 43, 'Boycie', 'Ewert', 'bewert13@123-reg.co.uk', 1);

-- Insert into Post_Comments
insert into Post_Comments (commentID, postID, commenterID, comment, replyingTo) values (1, '1', '1', 'Well written piece.', null);
insert into Post_Comments (commentID, postID, commenterID, comment, replyingTo) values (2, '2', '2', 'Interesting read.', null);
insert into Post_Comments (commentID, postID, commenterID, comment, replyingTo) values (3, '3', '3', null, 4);
insert into Post_Comments (commentID, postID, commenterID, comment, replyingTo) values (4, '4', '4', null, 5);
insert into Post_Comments (commentID, postID, commenterID, comment, replyingTo) values (5, '5', '5', 'Well written piece.', null);
insert into Post_Comments (commentID, postID, commenterID, comment, replyingTo) values (6, '6', '6', 'Informative content.', null);
insert into Post_Comments (commentID, postID, commenterID, comment, replyingTo) values (7, '7', '7', 'Great article!', 8);
insert into Post_Comments (commentID, postID, commenterID, comment, replyingTo) values (8, '8', '8', 'I disagree with the author.', 9);
insert into Post_Comments (commentID, postID, commenterID, comment, replyingTo) values (9, '9', '9', null, null);
insert into Post_Comments (commentID, postID, commenterID, comment, replyingTo) values (10, '10', '10', 'Well written piece.', null);
insert into Post_Comments (commentID, postID, commenterID, comment, replyingTo) values (11, '11', '11', null, null);
insert into Post_Comments (commentID, postID, commenterID, comment, replyingTo) values (12, '12', '12', null, null);
insert into Post_Comments (commentID, postID, commenterID, comment, replyingTo) values (13, '13', '13', null, null);
insert into Post_Comments (commentID, postID, commenterID, comment, replyingTo) values (14, '14', '14', 'Well written piece.', null);
insert into Post_Comments (commentID, postID, commenterID, comment, replyingTo) values (15, '15', '15', null, 16);
insert into Post_Comments (commentID, postID, commenterID, comment, replyingTo) values (16, '16', '16', 'Interesting read.', null);
insert into Post_Comments (commentID, postID, commenterID, comment, replyingTo) values (17, '17', '17', 'Great article!', null);
insert into Post_Comments (commentID, postID, commenterID, comment, replyingTo) values (18, '18', '18', 'Interesting read.', 19);
insert into Post_Comments (commentID, postID, commenterID, comment, replyingTo) values (19, '19', '19', null, 20);
insert into Post_Comments (commentID, postID, commenterID, comment, replyingTo) values (20, '20', '20', null, 21);
insert into Post_Comments (commentID, postID, commenterID, comment, replyingTo) values (21, '21', '21', 'Well written piece.', 22);
insert into Post_Comments (commentID, postID, commenterID, comment, replyingTo) values (22, '22', '22', null, 23);
insert into Post_Comments (commentID, postID, commenterID, comment, replyingTo) values (23, '23', '23', null, 24);
insert into Post_Comments (commentID, postID, commenterID, comment, replyingTo) values (24, '24', '24', null, null);
insert into Post_Comments (commentID, postID, commenterID, comment, replyingTo) values (25, '25', '25', null, 26);
insert into Post_Comments (commentID, postID, commenterID, comment, replyingTo) values (26, '26', '26', null, null);
insert into Post_Comments (commentID, postID, commenterID, comment, replyingTo) values (27, '27', '27', null, null);
insert into Post_Comments (commentID, postID, commenterID, comment, replyingTo) values (28, '28', '28', null, 29);
insert into Post_Comments (commentID, postID, commenterID, comment, replyingTo) values (29, '29', '29', null, null);
insert into Post_Comments (commentID, postID, commenterID, comment, replyingTo) values (30, '30', '30', 'Well written piece.', 31);
insert into Post_Comments (commentID, postID, commenterID, comment, replyingTo) values (31, '31', '31', 'Great article!', 32);
insert into Post_Comments (commentID, postID, commenterID, comment, replyingTo) values (32, '32', '32', null, 33);
insert into Post_Comments (commentID, postID, commenterID, comment, replyingTo) values (33, '33', '33', null, 34);
insert into Post_Comments (commentID, postID, commenterID, comment, replyingTo) values (34, '34', '34', 'Informative content.', null);
insert into Post_Comments (commentID, postID, commenterID, comment, replyingTo) values (35, '35', '35', 'Well written piece.', null);
insert into Post_Comments (commentID, postID, commenterID, comment, replyingTo) values (36, '36', '36', null, 37);
insert into Post_Comments (commentID, postID, commenterID, comment, replyingTo) values (37, '37', '37', null, 38);
insert into Post_Comments (commentID, postID, commenterID, comment, replyingTo) values (38, '38', '38', 'Interesting read.', null);
insert into Post_Comments (commentID, postID, commenterID, comment, replyingTo) values (39, '39', '39', null, null);
insert into Post_Comments (commentID, postID, commenterID, comment, replyingTo) values (40, '40', '40', 'Well written piece.', null);
insert into Post_Comments (commentID, postID, commenterID, comment, replyingTo) values (41, '41', '1', 'Informative content.', null);
insert into Post_Comments (commentID, postID, commenterID, comment, replyingTo) values (42, '42', '2', null, null);
insert into Post_Comments (commentID, postID, commenterID, comment, replyingTo) values (43, '43', '3', 'Great article!', 44);
insert into Post_Comments (commentID, postID, commenterID, comment, replyingTo) values (44, '44', '4', null, 45);
insert into Post_Comments (commentID, postID, commenterID, comment, replyingTo) values (45, '45', '5', 'Interesting read.', 46);
insert into Post_Comments (commentID, postID, commenterID, comment, replyingTo) values (46, '46', '6', 'Great article!', 47);
insert into Post_Comments (commentID, postID, commenterID, comment, replyingTo) values (47, '47', '7', null, 48);
insert into Post_Comments (commentID, postID, commenterID, comment, replyingTo) values (48, '48', '8', null, 49);
insert into Post_Comments (commentID, postID, commenterID, comment, replyingTo) values (49, '49', '9', null, null);
insert into Post_Comments (commentID, postID, commenterID, comment, replyingTo) values (50, '50', '10', 'I disagree with the author.', null);
insert into Post_Comments (commentID, postID, commenterID, comment, replyingTo) values (51, '51', '11', null, 52);
insert into Post_Comments (commentID, postID, commenterID, comment, replyingTo) values (52, '52', '12', null, 53);
insert into Post_Comments (commentID, postID, commenterID, comment, replyingTo) values (53, '53', '13', null, null);
insert into Post_Comments (commentID, postID, commenterID, comment, replyingTo) values (54, '54', '14', 'Great article!', 55);
insert into Post_Comments (commentID, postID, commenterID, comment, replyingTo) values (55, '55', '15', 'I disagree with the author.', 56);
insert into Post_Comments (commentID, postID, commenterID, comment, replyingTo) values (56, '56', '16', null, null);
insert into Post_Comments (commentID, postID, commenterID, comment, replyingTo) values (57, '57', '17', null, 58);
insert into Post_Comments (commentID, postID, commenterID, comment, replyingTo) values (58, '58', '18', 'Well written piece.', 59);
insert into Post_Comments (commentID, postID, commenterID, comment, replyingTo) values (59, '59', '19', null, null);
insert into Post_Comments (commentID, postID, commenterID, comment, replyingTo) values (60, '60', '20', 'Informative content.', null);
insert into Post_Comments (commentID, postID, commenterID, comment, replyingTo) values (61, '61', '21', 'Informative content.', 62);
insert into Post_Comments (commentID, postID, commenterID, comment, replyingTo) values (62, '62', '22', null, null);
insert into Post_Comments (commentID, postID, commenterID, comment, replyingTo) values (63, '63', '23', null, null);
insert into Post_Comments (commentID, postID, commenterID, comment, replyingTo) values (64, '64', '24', 'Great article!', null);
insert into Post_Comments (commentID, postID, commenterID, comment, replyingTo) values (65, '65', '25', 'I disagree with the author.', null);
insert into Post_Comments (commentID, postID, commenterID, comment, replyingTo) values (66, '66', '26', null, 67);
insert into Post_Comments (commentID, postID, commenterID, comment, replyingTo) values (67, '67', '27', null, 68);
insert into Post_Comments (commentID, postID, commenterID, comment, replyingTo) values (68, '68', '28', 'Well written piece.', 69);
insert into Post_Comments (commentID, postID, commenterID, comment, replyingTo) values (69, '69', '29', null, null);
insert into Post_Comments (commentID, postID, commenterID, comment, replyingTo) values (70, '70', '30', 'Informative content.', null);
insert into Post_Comments (commentID, postID, commenterID, comment, replyingTo) values (71, '71', '31', null, null);
insert into Post_Comments (commentID, postID, commenterID, comment, replyingTo) values (72, '72', '32', null, null);
insert into Post_Comments (commentID, postID, commenterID, comment, replyingTo) values (73, '73', '33', null, null);
insert into Post_Comments (commentID, postID, commenterID, comment, replyingTo) values (74, '74', '34', 'Well written piece.', null);
insert into Post_Comments (commentID, postID, commenterID, comment, replyingTo) values (75, '75', '35', null, null);
insert into Post_Comments (commentID, postID, commenterID, comment, replyingTo) values (76, '76', '36', null, 77);
insert into Post_Comments (commentID, postID, commenterID, comment, replyingTo) values (77, '77', '37', 'Informative content.', 78);
insert into Post_Comments (commentID, postID, commenterID, comment, replyingTo) values (78, '78', '38', 'I disagree with the author.', 79);
insert into Post_Comments (commentID, postID, commenterID, comment, replyingTo) values (79, '79', '39', null, 80);
insert into Post_Comments (commentID, postID, commenterID, comment, replyingTo) values (80, '80', '40', 'Informative content.', 81);
insert into Post_Comments (commentID, postID, commenterID, comment, replyingTo) values (81, '1', '1', 'Informative content.', 82);
insert into Post_Comments (commentID, postID, commenterID, comment, replyingTo) values (82, '2', '2', null, 83);
insert into Post_Comments (commentID, postID, commenterID, comment, replyingTo) values (83, '3', '3', null, 84);
insert into Post_Comments (commentID, postID, commenterID, comment, replyingTo) values (84, '4', '4', null, 85);
insert into Post_Comments (commentID, postID, commenterID, comment, replyingTo) values (85, '5', '5', null, null);
insert into Post_Comments (commentID, postID, commenterID, comment, replyingTo) values (86, '6', '6', null, null);
insert into Post_Comments (commentID, postID, commenterID, comment, replyingTo) values (87, '7', '7', null, 88);
insert into Post_Comments (commentID, postID, commenterID, comment, replyingTo) values (88, '8', '8', 'Informative content.', null);
insert into Post_Comments (commentID, postID, commenterID, comment, replyingTo) values (89, '9', '9', 'I disagree with the author.', 90);
insert into Post_Comments (commentID, postID, commenterID, comment, replyingTo) values (90, '10', '10', 'Informative content.', 91);
insert into Post_Comments (commentID, postID, commenterID, comment, replyingTo) values (91, '11', '11', null, 92);
insert into Post_Comments (commentID, postID, commenterID, comment, replyingTo) values (92, '12', '12', null, null);
insert into Post_Comments (commentID, postID, commenterID, comment, replyingTo) values (93, '13', '13', 'Informative content.', 94);
insert into Post_Comments (commentID, postID, commenterID, comment, replyingTo) values (94, '14', '14', null, null);
insert into Post_Comments (commentID, postID, commenterID, comment, replyingTo) values (95, '15', '15', null, 96);
insert into Post_Comments (commentID, postID, commenterID, comment, replyingTo) values (96, '16', '16', null, null);
insert into Post_Comments (commentID, postID, commenterID, comment, replyingTo) values (97, '17', '17', null, null);
insert into Post_Comments (commentID, postID, commenterID, comment, replyingTo) values (98, '18', '18', null, null);
insert into Post_Comments (commentID, postID, commenterID, comment, replyingTo) values (99, '19', '19', null, 100);
insert into Post_Comments (commentID, postID, commenterID, comment, replyingTo) values (100, '20', '20', null, null);

-- Insert Content_Creatorss
insert into Content_Creators (userID, creatorID, bio, earnings, genreID) values (6, 1, 'Live', 1372.09, '1');
insert into Content_Creators (userID, creatorID, bio, earnings, genreID) values (7, 2, 'To be or not to be', 509.77, '2');
insert into Content_Creators (userID, creatorID, bio, earnings, genreID) values (8, 3, 'Live', 1739.76, '3');
insert into Content_Creators (userID, creatorID, bio, earnings, genreID) values (9, 4, 'Keep calm and carry on', 4389.85, '4');
insert into Content_Creators (userID, creatorID, bio, earnings, genreID) values (10, 5, 'Keep calm and carry on', 351.78, '5');
insert into Content_Creators (userID, creatorID, bio, earnings, genreID) values (11, 6, 'Keep calm and carry on', 237.38, '6');
insert into Content_Creators (userID, creatorID, bio, earnings, genreID) values (12, 7, 'love', 283.28, '7');
insert into Content_Creators (userID, creatorID, bio, earnings, genreID) values (13, 8, 'Keep calm and carry on', 2977.3, '8');
insert into Content_Creators (userID, creatorID, bio, earnings, genreID) values (14, 9, 'To be or not to be', 1536.75, '9');
insert into Content_Creators (userID, creatorID, bio, earnings, genreID) values (15, 10, 'laugh', 1183.69, '10');
insert into Content_Creators (userID, creatorID, bio, earnings, genreID) values (16, 11, 'To be or not to be', 600.57, '1');
insert into Content_Creators (userID, creatorID, bio, earnings, genreID) values (17, 12, 'Lorem ipsum dolor sit amet', 1472.2, '2');
insert into Content_Creators (userID, creatorID, bio, earnings, genreID) values (18, 13, 'To be or not to be', 1599.35, '3');
insert into Content_Creators (userID, creatorID, bio, earnings, genreID) values (19, 14, 'Lorem ipsum dolor sit amet', 890.16, '4');
insert into Content_Creators (userID, creatorID, bio, earnings, genreID) values (20, 15, 'The quick brown fox jumps over the lazy dog', 4293.69, '5');
insert into Content_Creators (userID, creatorID, bio, earnings, genreID) values (21, 16, 'that is the question', 1793.26, '6');
insert into Content_Creators (userID, creatorID, bio, earnings, genreID) values (22, 17, 'Lorem ipsum dolor sit amet', 4539.75, '7');
insert into Content_Creators (userID, creatorID, bio, earnings, genreID) values (23, 18, 'that is the question', 4400.64, '8');
insert into Content_Creators (userID, creatorID, bio, earnings, genreID) values (24, 19, 'The quick brown fox jumps over the lazy dog', 3060.07, '9');
insert into Content_Creators (userID, creatorID, bio, earnings, genreID) values (25, 20, 'The quick brown fox jumps over the lazy dog', 1318.93, '10');

-- Insert into Followings 

INSERT INTO Followings(userID,postID) VALUES (1,39);
INSERT INTO Followings(userID,postID) VALUES (2,40);
INSERT INTO Followings(userID,postID) VALUES (3,1);
INSERT INTO Followings(userID,postID) VALUES (4,2);
INSERT INTO Followings(userID,postID) VALUES (5,3);
INSERT INTO Followings(userID,postID) VALUES (6,4);
INSERT INTO Followings(userID,postID) VALUES (7,5);
INSERT INTO Followings(userID,postID) VALUES (8,6);
INSERT INTO Followings(userID,postID) VALUES (9,7);
INSERT INTO Followings(userID,postID) VALUES (10,8);
INSERT INTO Followings(userID,postID) VALUES (11,9);
INSERT INTO Followings(userID,postID) VALUES (12,10);
INSERT INTO Followings(userID,postID) VALUES (13,11);
INSERT INTO Followings(userID,postID) VALUES (14,12);
INSERT INTO Followings(userID,postID) VALUES (15,13);
INSERT INTO Followings(userID,postID) VALUES (16,14);
INSERT INTO Followings(userID,postID) VALUES (17,15);
INSERT INTO Followings(userID,postID) VALUES (18,16);
INSERT INTO Followings(userID,postID) VALUES (19,17);
INSERT INTO Followings(userID,postID) VALUES (20,18);
INSERT INTO Followings(userID,postID) VALUES (21,19);
INSERT INTO Followings(userID,postID) VALUES (22,20);
INSERT INTO Followings(userID,postID) VALUES (23,21);
INSERT INTO Followings(userID,postID) VALUES (24,22);
INSERT INTO Followings(userID,postID) VALUES (25,23);
INSERT INTO Followings(userID,postID) VALUES (26,24);
INSERT INTO Followings(userID,postID) VALUES (27,25);
INSERT INTO Followings(userID,postID) VALUES (28,26);
INSERT INTO Followings(userID,postID) VALUES (29,27);
INSERT INTO Followings(userID,postID) VALUES (30,28);
INSERT INTO Followings(userID,postID) VALUES (31,29);
INSERT INTO Followings(userID,postID) VALUES (32,30);
INSERT INTO Followings(userID,postID) VALUES (33,31);
INSERT INTO Followings(userID,postID) VALUES (34,32);
INSERT INTO Followings(userID,postID) VALUES (35,33);
INSERT INTO Followings(userID,postID) VALUES (36,34);
INSERT INTO Followings(userID,postID) VALUES (37,35);
INSERT INTO Followings(userID,postID) VALUES (38,36);
INSERT INTO Followings(userID,postID) VALUES (39,37);
INSERT INTO Followings(userID,postID) VALUES (40,38);
INSERT INTO Followings(userID,postID) VALUES (1,3);
INSERT INTO Followings(userID,postID) VALUES (2,4);
INSERT INTO Followings(userID,postID) VALUES (3,5);
INSERT INTO Followings(userID,postID) VALUES (4,6);
INSERT INTO Followings(userID,postID) VALUES (5,7);
INSERT INTO Followings(userID,postID) VALUES (6,8);
INSERT INTO Followings(userID,postID) VALUES (7,9);
INSERT INTO Followings(userID,postID) VALUES (8,10);
INSERT INTO Followings(userID,postID) VALUES (9,11);
INSERT INTO Followings(userID,postID) VALUES (10,12);
INSERT INTO Followings(userID,postID) VALUES (11,13);
INSERT INTO Followings(userID,postID) VALUES (12,14);
INSERT INTO Followings(userID,postID) VALUES (13,15);
INSERT INTO Followings(userID,postID) VALUES (14,16);
INSERT INTO Followings(userID,postID) VALUES (15,17);
INSERT INTO Followings(userID,postID) VALUES (16,18);
INSERT INTO Followings(userID,postID) VALUES (17,19);
INSERT INTO Followings(userID,postID) VALUES (18,20);
INSERT INTO Followings(userID,postID) VALUES (19,21);
INSERT INTO Followings(userID,postID) VALUES (20,22);
INSERT INTO Followings(userID,postID) VALUES (21,23);
INSERT INTO Followings(userID,postID) VALUES (22,24);
INSERT INTO Followings(userID,postID) VALUES (23,25);
INSERT INTO Followings(userID,postID) VALUES (24,26);
INSERT INTO Followings(userID,postID) VALUES (25,27);
INSERT INTO Followings(userID,postID) VALUES (26,28);
INSERT INTO Followings(userID,postID) VALUES (27,29);
INSERT INTO Followings(userID,postID) VALUES (28,30);
INSERT INTO Followings(userID,postID) VALUES (29,31);
INSERT INTO Followings(userID,postID) VALUES (30,32);
INSERT INTO Followings(userID,postID) VALUES (31,33);
INSERT INTO Followings(userID,postID) VALUES (32,34);
INSERT INTO Followings(userID,postID) VALUES (33,35);
INSERT INTO Followings(userID,postID) VALUES (34,36);
INSERT INTO Followings(userID,postID) VALUES (35,37);
INSERT INTO Followings(userID,postID) VALUES (36,38);
INSERT INTO Followings(userID,postID) VALUES (37,39);
INSERT INTO Followings(userID,postID) VALUES (38,40);
INSERT INTO Followings(userID,postID) VALUES (39,1);
INSERT INTO Followings(userID,postID) VALUES (40,2);
INSERT INTO Followings(userID,postID) VALUES (1,7);
INSERT INTO Followings(userID,postID) VALUES (2,8);
INSERT INTO Followings(userID,postID) VALUES (3,9);
INSERT INTO Followings(userID,postID) VALUES (4,10);
INSERT INTO Followings(userID,postID) VALUES (5,11);
INSERT INTO Followings(userID,postID) VALUES (6,12);
INSERT INTO Followings(userID,postID) VALUES (7,13);
INSERT INTO Followings(userID,postID) VALUES (8,14);
INSERT INTO Followings(userID,postID) VALUES (9,15);
INSERT INTO Followings(userID,postID) VALUES (10,16);
INSERT INTO Followings(userID,postID) VALUES (11,17);
INSERT INTO Followings(userID,postID) VALUES (12,18);
INSERT INTO Followings(userID,postID) VALUES (13,19);
INSERT INTO Followings(userID,postID) VALUES (14,20);
INSERT INTO Followings(userID,postID) VALUES (15,21);
INSERT INTO Followings(userID,postID) VALUES (16,22);
INSERT INTO Followings(userID,postID) VALUES (17,23);
INSERT INTO Followings(userID,postID) VALUES (18,24);
INSERT INTO Followings(userID,postID) VALUES (19,25);
INSERT INTO Followings(userID,postID) VALUES (20,26);
INSERT INTO Followings(userID,postID) VALUES (21,27);
INSERT INTO Followings(userID,postID) VALUES (22,28);
INSERT INTO Followings(userID,postID) VALUES (23,29);
INSERT INTO Followings(userID,postID) VALUES (24,30);
INSERT INTO Followings(userID,postID) VALUES (25,31);
INSERT INTO Followings(userID,postID) VALUES (26,32);
INSERT INTO Followings(userID,postID) VALUES (27,33);
INSERT INTO Followings(userID,postID) VALUES (28,34);
INSERT INTO Followings(userID,postID) VALUES (29,35);
INSERT INTO Followings(userID,postID) VALUES (30,36);
INSERT INTO Followings(userID,postID) VALUES (31,37);
INSERT INTO Followings(userID,postID) VALUES (32,38);
INSERT INTO Followings(userID,postID) VALUES (33,39);
INSERT INTO Followings(userID,postID) VALUES (34,40);
INSERT INTO Followings(userID,postID) VALUES (35,1);
INSERT INTO Followings(userID,postID) VALUES (36,2);
INSERT INTO Followings(userID,postID) VALUES (37,3);
INSERT INTO Followings(userID,postID) VALUES (38,4);
INSERT INTO Followings(userID,postID) VALUES (39,5);
INSERT INTO Followings(userID,postID) VALUES (40,6);
INSERT INTO Followings(userID,postID) VALUES (1,10);
INSERT INTO Followings(userID,postID) VALUES (2,11);
INSERT INTO Followings(userID,postID) VALUES (3,12);
INSERT INTO Followings(userID,postID) VALUES (4,13);
INSERT INTO Followings(userID,postID) VALUES (5,14);
INSERT INTO Followings(userID,postID) VALUES (6,15);
INSERT INTO Followings(userID,postID) VALUES (7,16);
INSERT INTO Followings(userID,postID) VALUES (8,17);
INSERT INTO Followings(userID,postID) VALUES (9,18);
INSERT INTO Followings(userID,postID) VALUES (10,19);
INSERT INTO Followings(userID,postID) VALUES (11,20);
INSERT INTO Followings(userID,postID) VALUES (12,21);
INSERT INTO Followings(userID,postID) VALUES (13,22);
INSERT INTO Followings(userID,postID) VALUES (14,23);
INSERT INTO Followings(userID,postID) VALUES (15,24);
INSERT INTO Followings(userID,postID) VALUES (16,25);
INSERT INTO Followings(userID,postID) VALUES (17,26);
INSERT INTO Followings(userID,postID) VALUES (18,27);
INSERT INTO Followings(userID,postID) VALUES (19,28);
INSERT INTO Followings(userID,postID) VALUES (20,29);
INSERT INTO Followings(userID,postID) VALUES (21,30);
INSERT INTO Followings(userID,postID) VALUES (22,31);
INSERT INTO Followings(userID,postID) VALUES (23,32);
INSERT INTO Followings(userID,postID) VALUES (24,33);
INSERT INTO Followings(userID,postID) VALUES (25,34);
INSERT INTO Followings(userID,postID) VALUES (26,35);
INSERT INTO Followings(userID,postID) VALUES (27,36);
INSERT INTO Followings(userID,postID) VALUES (28,37);
INSERT INTO Followings(userID,postID) VALUES (29,38);
INSERT INTO Followings(userID,postID) VALUES (30,39);
INSERT INTO Followings(userID,postID) VALUES (31,40);
INSERT INTO Followings(userID,postID) VALUES (32,1);
INSERT INTO Followings(userID,postID) VALUES (33,2);
INSERT INTO Followings(userID,postID) VALUES (34,3);
INSERT INTO Followings(userID,postID) VALUES (35,4);
INSERT INTO Followings(userID,postID) VALUES (36,5);
INSERT INTO Followings(userID,postID) VALUES (37,6);
INSERT INTO Followings(userID,postID) VALUES (38,7);
INSERT INTO Followings(userID,postID) VALUES (39,8);
INSERT INTO Followings(userID,postID) VALUES (40,9);
INSERT INTO Followings(userID,postID) VALUES (1,2);
INSERT INTO Followings(userID,postID) VALUES (2,3);
INSERT INTO Followings(userID,postID) VALUES (3,4);
INSERT INTO Followings(userID,postID) VALUES (4,5);
INSERT INTO Followings(userID,postID) VALUES (5,6);
INSERT INTO Followings(userID,postID) VALUES (6,7);
INSERT INTO Followings(userID,postID) VALUES (7,8);
INSERT INTO Followings(userID,postID) VALUES (8,9);
INSERT INTO Followings(userID,postID) VALUES (9,10);
INSERT INTO Followings(userID,postID) VALUES (10,11);
INSERT INTO Followings(userID,postID) VALUES (11,12);
INSERT INTO Followings(userID,postID) VALUES (12,13);
INSERT INTO Followings(userID,postID) VALUES (13,14);
INSERT INTO Followings(userID,postID) VALUES (14,15);
INSERT INTO Followings(userID,postID) VALUES (15,16);
INSERT INTO Followings(userID,postID) VALUES (16,17);
INSERT INTO Followings(userID,postID) VALUES (17,18);
INSERT INTO Followings(userID,postID) VALUES (18,19);
INSERT INTO Followings(userID,postID) VALUES (19,20);
INSERT INTO Followings(userID,postID) VALUES (20,21);
INSERT INTO Followings(userID,postID) VALUES (21,22);
INSERT INTO Followings(userID,postID) VALUES (22,23);
INSERT INTO Followings(userID,postID) VALUES (23,24);
INSERT INTO Followings(userID,postID) VALUES (24,25);
INSERT INTO Followings(userID,postID) VALUES (25,26);
INSERT INTO Followings(userID,postID) VALUES (26,27);
INSERT INTO Followings(userID,postID) VALUES (27,28);
INSERT INTO Followings(userID,postID) VALUES (28,29);
INSERT INTO Followings(userID,postID) VALUES (29,30);
INSERT INTO Followings(userID,postID) VALUES (30,31);
INSERT INTO Followings(userID,postID) VALUES (31,32);
INSERT INTO Followings(userID,postID) VALUES (32,33);
INSERT INTO Followings(userID,postID) VALUES (33,34);
INSERT INTO Followings(userID,postID) VALUES (34,35);
INSERT INTO Followings(userID,postID) VALUES (35,36);
INSERT INTO Followings(userID,postID) VALUES (36,37);
INSERT INTO Followings(userID,postID) VALUES (37,38);
INSERT INTO Followings(userID,postID) VALUES (38,39);
INSERT INTO Followings(userID,postID) VALUES (39,40);
INSERT INTO Followings(userID,postID) VALUES (40,1);
INSERT INTO Followings(userID,postID) VALUES (1,6);
INSERT INTO Followings(userID,postID) VALUES (2,7);
INSERT INTO Followings(userID,postID) VALUES (3,8);
INSERT INTO Followings(userID,postID) VALUES (4,9);
INSERT INTO Followings(userID,postID) VALUES (5,10);
INSERT INTO Followings(userID,postID) VALUES (6,11);
INSERT INTO Followings(userID,postID) VALUES (7,12);
INSERT INTO Followings(userID,postID) VALUES (8,13);
INSERT INTO Followings(userID,postID) VALUES (9,14);
INSERT INTO Followings(userID,postID) VALUES (10,15);
INSERT INTO Followings(userID,postID) VALUES (11,16);
INSERT INTO Followings(userID,postID) VALUES (12,17);
INSERT INTO Followings(userID,postID) VALUES (13,18);
INSERT INTO Followings(userID,postID) VALUES (14,19);
INSERT INTO Followings(userID,postID) VALUES (15,20);
INSERT INTO Followings(userID,postID) VALUES (16,21);
INSERT INTO Followings(userID,postID) VALUES (17,22);
INSERT INTO Followings(userID,postID) VALUES (18,23);
INSERT INTO Followings(userID,postID) VALUES (19,24);
INSERT INTO Followings(userID,postID) VALUES (20,25);
INSERT INTO Followings(userID,postID) VALUES (21,26);
INSERT INTO Followings(userID,postID) VALUES (22,27);
INSERT INTO Followings(userID,postID) VALUES (23,28);
INSERT INTO Followings(userID,postID) VALUES (24,29);
INSERT INTO Followings(userID,postID) VALUES (25,30);
INSERT INTO Followings(userID,postID) VALUES (26,31);
INSERT INTO Followings(userID,postID) VALUES (27,32);
INSERT INTO Followings(userID,postID) VALUES (28,33);
INSERT INTO Followings(userID,postID) VALUES (29,34);
INSERT INTO Followings(userID,postID) VALUES (30,35);
INSERT INTO Followings(userID,postID) VALUES (31,36);
INSERT INTO Followings(userID,postID) VALUES (32,37);
INSERT INTO Followings(userID,postID) VALUES (33,38);
INSERT INTO Followings(userID,postID) VALUES (34,39);
INSERT INTO Followings(userID,postID) VALUES (35,40);
INSERT INTO Followings(userID,postID) VALUES (36,1);
INSERT INTO Followings(userID,postID) VALUES (37,2);
INSERT INTO Followings(userID,postID) VALUES (38,3);
INSERT INTO Followings(userID,postID) VALUES (39,4);
INSERT INTO Followings(userID,postID) VALUES (40,5);
INSERT INTO Followings(userID,postID) VALUES (1,4);
INSERT INTO Followings(userID,postID) VALUES (2,5);
INSERT INTO Followings(userID,postID) VALUES (3,6);
INSERT INTO Followings(userID,postID) VALUES (4,7);
INSERT INTO Followings(userID,postID) VALUES (5,8);
INSERT INTO Followings(userID,postID) VALUES (6,9);
INSERT INTO Followings(userID,postID) VALUES (7,10);
INSERT INTO Followings(userID,postID) VALUES (8,11);
INSERT INTO Followings(userID,postID) VALUES (9,12);
INSERT INTO Followings(userID,postID) VALUES (10,13);
INSERT INTO Followings(userID,postID) VALUES (11,14);
INSERT INTO Followings(userID,postID) VALUES (12,15);
INSERT INTO Followings(userID,postID) VALUES (13,16);
INSERT INTO Followings(userID,postID) VALUES (14,17);
INSERT INTO Followings(userID,postID) VALUES (15,18);
INSERT INTO Followings(userID,postID) VALUES (16,19);
INSERT INTO Followings(userID,postID) VALUES (17,20);
INSERT INTO Followings(userID,postID) VALUES (18,21);
INSERT INTO Followings(userID,postID) VALUES (19,22);
INSERT INTO Followings(userID,postID) VALUES (20,23);
INSERT INTO Followings(userID,postID) VALUES (21,24);
INSERT INTO Followings(userID,postID) VALUES (22,25);
INSERT INTO Followings(userID,postID) VALUES (23,26);
INSERT INTO Followings(userID,postID) VALUES (24,27);
INSERT INTO Followings(userID,postID) VALUES (25,28);
INSERT INTO Followings(userID,postID) VALUES (26,29);
INSERT INTO Followings(userID,postID) VALUES (27,30);
INSERT INTO Followings(userID,postID) VALUES (28,31);
INSERT INTO Followings(userID,postID) VALUES (29,32);
INSERT INTO Followings(userID,postID) VALUES (30,33);
INSERT INTO Followings(userID,postID) VALUES (31,34);
INSERT INTO Followings(userID,postID) VALUES (32,35);
INSERT INTO Followings(userID,postID) VALUES (33,36);
INSERT INTO Followings(userID,postID) VALUES (34,37);
INSERT INTO Followings(userID,postID) VALUES (35,38);
INSERT INTO Followings(userID,postID) VALUES (36,39);
INSERT INTO Followings(userID,postID) VALUES (37,40);
INSERT INTO Followings(userID,postID) VALUES (38,1);
INSERT INTO Followings(userID,postID) VALUES (39,2);
INSERT INTO Followings(userID,postID) VALUES (40,3);
INSERT INTO Followings(userID,postID) VALUES (1,13);
INSERT INTO Followings(userID,postID) VALUES (2,14);
INSERT INTO Followings(userID,postID) VALUES (3,15);
INSERT INTO Followings(userID,postID) VALUES (4,16);
INSERT INTO Followings(userID,postID) VALUES (5,17);
INSERT INTO Followings(userID,postID) VALUES (6,18);
INSERT INTO Followings(userID,postID) VALUES (7,19);
INSERT INTO Followings(userID,postID) VALUES (8,20);
INSERT INTO Followings(userID,postID) VALUES (9,21);
INSERT INTO Followings(userID,postID) VALUES (10,22);
INSERT INTO Followings(userID,postID) VALUES (11,23);
INSERT INTO Followings(userID,postID) VALUES (12,24);
INSERT INTO Followings(userID,postID) VALUES (13,25);
INSERT INTO Followings(userID,postID) VALUES (14,26);
INSERT INTO Followings(userID,postID) VALUES (15,27);
INSERT INTO Followings(userID,postID) VALUES (16,28);
INSERT INTO Followings(userID,postID) VALUES (17,29);
INSERT INTO Followings(userID,postID) VALUES (18,30);
INSERT INTO Followings(userID,postID) VALUES (19,31);
INSERT INTO Followings(userID,postID) VALUES (20,32);
